Series Name,Series Code,Country Name,Country Code,1990 [YR1990],2000 [YR2000],2012 [YR2012],2013 [YR2013],2014 [YR2014],2015 [YR2015],2016 [YR2016],2017 [YR2017],2018 [YR2018],2019 [YR2019],2020 [YR2020],2021 [YR2021]
"Unemployment, total (% of total labor force) (modeled ILO estimate)",SL.UEM.TOTL.ZS,Afghanistan,AFG,..,8.05,8.02,7.95,7.91,8.99,10.09,11.18,11.11,11.09,11.71,..
"Unemployment, total (% of total labor force) (modeled ILO estimate)",SL.UEM.TOTL.ZS,Albania,ALB,..,19.03,13.38,15.87,18.05,17.19,15.42,13.62,12.30,11.47,13.07,12.68
"Unemployment, total (% of total labor force) (modeled ILO estimate)",SL.UEM.TOTL.ZS,Algeria,DZA,..,29.77,10.97,9.82,10.21,11.21,10.20,10.33,10.42,10.49,12.25,11.75
"Unemployment, total (% of total labor force) (modeled ILO estimate)",SL.UEM.TOTL.ZS,American Samoa,ASM,..,..,..,..,..,..,..,..,..,..,..,..
"Unemployment, total (% of total labor force) (modeled ILO estimate)",SL.UEM.TOTL.ZS,Andorra,AND,..,..,..,..,..,..,..,..,..,..,..,..
"Unemployment, total (% of total labor force) (modeled ILO estimate)",SL.UEM.TOTL.ZS,Angola,AGO,..,4.16,8.06,8.83,9.58,9.58,9.59,9.53,9.52,9.48,10.35,10.38
"Unemployment, total (% of total labor force) (modeled ILO estimate)",SL.UEM.TOTL.ZS,Antigua and Barbuda,ATG,..,..,..,..,..,..,..,..,..,..,..,..
"Unemployment, total (% of total labor force) (modeled ILO estimate)",SL.UEM.TOTL.ZS,Argentina,ARG,..,15.00,7.22,7.10,7.27,7.52,8.11,8.35,9.22,9.84,11.46,8.74
"Unemployment, total (% of total labor force) (modeled ILO estimate)",SL.UEM.TOTL.ZS,Armenia,ARM,..,11.06,11.30,11.53,11.86,12.18,12.43,12.94,13.21,12.20,12.18,12.73
"Unemployment, total (% of total labor force) (modeled ILO estimate)",SL.UEM.TOTL.ZS,Aruba,ABW,..,..,..,..,..,..,..,..,..,..,..,..
"Unemployment, total (% of total labor force) (modeled ILO estimate)",SL.UEM.TOTL.ZS,Australia,AUS,..,6.28,5.22,5.66,6.08,6.05,5.71,5.59,5.30,5.16,6.46,5.12
"Unemployment, total (% of total labor force) (modeled ILO estimate)",SL.UEM.TOTL.ZS,Austria,AUT,..,4.69,4.87,5.34,5.62,5.72,6.01,5.50,4.85,4.49,5.36,6.18
"Unemployment, total (% of total labor force) (modeled ILO estimate)",SL.UEM.TOTL.ZS,Azerbaijan,AZE,..,11.78,5.19,4.97,4.91,4.96,5.00,4.96,4.94,4.85,7.16,5.95
"Unemployment, total (% of total labor force) (modeled ILO estimate)",SL.UEM.TOTL.ZS,"Bahamas, The",BHS,..,7.20,14.02,16.18,13.80,12.00,12.70,9.80,10.00,10.05,12.87,11.66
"Unemployment, total (% of total labor force) (modeled ILO estimate)",SL.UEM.TOTL.ZS,Bahrain,BHR,..,1.12,1.20,1.18,1.18,1.20,1.18,1.17,1.18,1.18,1.67,1.53
"Unemployment, total (% of total labor force) (modeled ILO estimate)",SL.UEM.TOTL.ZS,Bangladesh,BGD,..,3.27,4.10,4.43,4.39,4.37,4.35,4.37,4.38,4.38,5.21,5.10
"Unemployment, total (% of total labor force) (modeled ILO estimate)",SL.UEM.TOTL.ZS,Barbados,BRB,..,9.35,11.59,11.55,12.17,9.80,8.25,8.62,8.32,8.41,10.10,9.58
"Unemployment, total (% of total labor force) (modeled ILO estimate)",SL.UEM.TOTL.ZS,Belarus,BLR,..,12.25,6.05,6.01,6.00,5.84,5.84,5.65,4.76,4.16,4.05,3.90
"Unemployment, total (% of total labor force) (modeled ILO estimate)",SL.UEM.TOTL.ZS,Belgium,BEL,..,6.59,7.54,8.43,8.52,8.48,7.83,7.09,5.95,5.36,5.55,6.26
"Unemployment, total (% of total labor force) (modeled ILO estimate)",SL.UEM.TOTL.ZS,Belize,BLZ,..,10.87,8.31,8.35,8.24,7.58,7.00,6.60,7.81,9.05,10.79,10.29
"Unemployment, total (% of total labor force) (modeled ILO estimate)",SL.UEM.TOTL.ZS,Benin,BEN,..,0.84,2.45,2.25,2.11,2.02,1.84,1.64,1.47,1.47,1.67,1.75
"Unemployment, total (% of total labor force) (modeled ILO estimate)",SL.UEM.TOTL.ZS,Bermuda,BMU,..,..,..,..,..,..,..,..,..,..,..,..
"Unemployment, total (% of total labor force) (modeled ILO estimate)",SL.UEM.TOTL.ZS,Bhutan,BTN,..,1.63,2.05,2.87,2.63,2.45,2.77,3.06,3.35,2.72,5.03,3.91
"Unemployment, total (% of total labor force) (modeled ILO estimate)",SL.UEM.TOTL.ZS,Bolivia,BOL,..,2.37,2.07,2.44,2.02,3.11,3.50,3.65,3.52,3.68,7.90,5.09
"Unemployment, total (% of total labor force) (modeled ILO estimate)",SL.UEM.TOTL.ZS,Bosnia and Herzegovina,BIH,..,26.19,28.01,27.49,27.52,27.69,25.41,20.53,18.40,15.69,15.27,14.90
"Unemployment, total (% of total labor force) (modeled ILO estimate)",SL.UEM.TOTL.ZS,Botswana,BWA,..,15.88,18.42,18.54,18.89,19.30,19.32,19.60,19.84,20.09,21.02,21.16
"Unemployment, total (% of total labor force) (modeled ILO estimate)",SL.UEM.TOTL.ZS,Brazil,BRA,..,10.53,7.25,7.07,6.76,8.56,11.74,12.93,12.46,12.05,13.93,13.34
"Unemployment, total (% of total labor force) (modeled ILO estimate)",SL.UEM.TOTL.ZS,British Virgin Islands,VGB,..,..,..,..,..,..,..,..,..,..,..,..
"Unemployment, total (% of total labor force) (modeled ILO estimate)",SL.UEM.TOTL.ZS,Brunei Darussalam,BRN,..,5.60,6.73,6.77,6.86,7.69,8.43,9.32,8.70,6.92,7.41,7.45
"Unemployment, total (% of total labor force) (modeled ILO estimate)",SL.UEM.TOTL.ZS,Bulgaria,BGR,..,16.22,12.27,12.94,11.42,9.14,7.57,6.16,5.21,4.23,5.12,5.27
"Unemployment, total (% of total labor force) (modeled ILO estimate)",SL.UEM.TOTL.ZS,Burkina Faso,BFA,..,2.63,3.91,4.05,4.21,4.34,4.44,4.57,4.69,4.69,5.05,5.23
"Unemployment, total (% of total labor force) (modeled ILO estimate)",SL.UEM.TOTL.ZS,Burundi,BDI,..,3.00,1.59,1.58,1.57,1.48,1.32,1.17,1.02,0.87,1.03,1.13
"Unemployment, total (% of total labor force) (modeled ILO estimate)",SL.UEM.TOTL.ZS,Cabo Verde,CPV,..,11.11,11.13,11.36,11.59,11.81,12.00,12.24,12.17,12.21,14.88,13.91
"Unemployment, total (% of total labor force) (modeled ILO estimate)",SL.UEM.TOTL.ZS,Cambodia,KHM,..,0.97,0.51,0.44,0.69,0.39,0.72,0.14,0.14,0.15,0.30,0.29
"Unemployment, total (% of total labor force) (modeled ILO estimate)",SL.UEM.TOTL.ZS,Cameroon,CMR,..,7.59,3.82,3.67,3.53,3.55,3.57,3.60,3.61,3.63,3.95,4.12
"Unemployment, total (% of total labor force) (modeled ILO estimate)",SL.UEM.TOTL.ZS,Canada,CAN,..,6.83,7.29,7.07,6.91,6.91,7.00,6.34,5.83,5.66,9.46,7.46
"Unemployment, total (% of total labor force) (modeled ILO estimate)",SL.UEM.TOTL.ZS,Cayman Islands,CYM,..,..,..,..,..,..,..,..,..,..,..,..
"Unemployment, total (% of total labor force) (modeled ILO estimate)",SL.UEM.TOTL.ZS,Central African Republic,CAF,..,5.30,5.44,5.45,5.58,5.74,5.75,5.76,5.70,5.76,6.38,6.46
"Unemployment, total (% of total labor force) (modeled ILO estimate)",SL.UEM.TOTL.ZS,Chad,TCD,..,0.81,1.00,1.03,1.04,1.07,1.12,1.13,1.13,1.12,1.64,1.54
"Unemployment, total (% of total labor force) (modeled ILO estimate)",SL.UEM.TOTL.ZS,Channel Islands,CHI,..,5.90,8.62,9.21,9.00,8.60,8.12,7.51,6.93,6.78,7.81,7.55
"Unemployment, total (% of total labor force) (modeled ILO estimate)",SL.UEM.TOTL.ZS,Chile,CHL,..,10.49,6.64,6.20,6.65,6.49,6.73,6.95,7.21,7.27,11.14,9.35
"Unemployment, total (% of total labor force) (modeled ILO estimate)",SL.UEM.TOTL.ZS,China,CHN,..,3.26,4.58,4.60,4.63,4.65,4.56,4.47,4.31,4.56,5.00,4.55
"Unemployment, total (% of total labor force) (modeled ILO estimate)",SL.UEM.TOTL.ZS,Colombia,COL,..,20.52,9.74,9.05,8.57,8.30,8.69,8.87,9.11,9.96,15.04,13.90
"Unemployment, total (% of total labor force) (modeled ILO estimate)",SL.UEM.TOTL.ZS,Comoros,COM,..,4.66,7.41,7.74,8.14,8.14,8.08,8.06,8.04,8.06,9.03,8.98
"Unemployment, total (% of total labor force) (modeled ILO estimate)",SL.UEM.TOTL.ZS,"Congo, Dem. Rep.",COD,..,2.96,4.49,4.47,4.45,4.46,4.48,4.46,4.43,4.44,5.13,5.11
"Unemployment, total (% of total labor force) (modeled ILO estimate)",SL.UEM.TOTL.ZS,"Congo, Rep.",COG,..,19.98,20.12,20.34,20.27,20.49,20.65,20.59,20.64,20.61,22.52,22.24
"Unemployment, total (% of total labor force) (modeled ILO estimate)",SL.UEM.TOTL.ZS,Costa Rica,CRI,..,5.08,9.11,8.22,8.50,8.42,8.09,7.73,9.01,10.81,16.43,15.14
"Unemployment, total (% of total labor force) (modeled ILO estimate)",SL.UEM.TOTL.ZS,Cote d'Ivoire,CIV,..,4.60,7.22,4.25,3.47,2.70,1.90,3.27,2.84,2.40,2.66,2.82
"Unemployment, total (% of total labor force) (modeled ILO estimate)",SL.UEM.TOTL.ZS,Croatia,HRV,..,16.06,15.93,17.25,17.29,16.18,13.10,11.21,8.43,6.62,7.51,7.61
"Unemployment, total (% of total labor force) (modeled ILO estimate)",SL.UEM.TOTL.ZS,Cuba,CUB,..,5.45,3.46,3.29,2.70,2.40,2.00,1.70,1.70,1.20,1.40,1.47
"Unemployment, total (% of total labor force) (modeled ILO estimate)",SL.UEM.TOTL.ZS,Curacao,CUW,..,..,..,..,..,..,..,..,..,..,..,..
"Unemployment, total (% of total labor force) (modeled ILO estimate)",SL.UEM.TOTL.ZS,Cyprus,CYP,..,4.97,11.80,15.87,16.09,14.91,12.95,11.05,8.37,7.07,7.59,7.46
"Unemployment, total (% of total labor force) (modeled ILO estimate)",SL.UEM.TOTL.ZS,Czechia,CZE,..,8.76,6.98,6.95,6.11,5.05,3.95,2.89,2.24,2.01,2.55,2.81
"Unemployment, total (% of total labor force) (modeled ILO estimate)",SL.UEM.TOTL.ZS,Denmark,DNK,..,4.48,7.80,7.38,6.93,6.28,5.99,5.83,5.13,5.02,5.64,5.06
"Unemployment, total (% of total labor force) (modeled ILO estimate)",SL.UEM.TOTL.ZS,Djibouti,DJI,..,28.68,26.87,26.71,26.51,26.34,26.20,26.06,26.15,26.32,28.05,27.95
"Unemployment, total (% of total labor force) (modeled ILO estimate)",SL.UEM.TOTL.ZS,Dominica,DMA,..,..,..,..,..,..,..,..,..,..,..,..
"Unemployment, total (% of total labor force) (modeled ILO estimate)",SL.UEM.TOTL.ZS,Dominican Republic,DOM,..,6.43,6.72,7.35,6.72,7.61,7.28,5.83,5.86,6.18,6.13,7.70
"Unemployment, total (% of total labor force) (modeled ILO estimate)",SL.UEM.TOTL.ZS,Ecuador,ECU,..,4.80,3.23,3.08,3.48,3.62,4.60,3.84,3.53,3.81,6.11,4.50
"Unemployment, total (% of total labor force) (modeled ILO estimate)",SL.UEM.TOTL.ZS,"Egypt, Arab Rep.",EGY,..,8.98,12.60,13.15,13.10,13.05,12.45,11.77,9.85,7.85,7.94,7.40
"Unemployment, total (% of total labor force) (modeled ILO estimate)",SL.UEM.TOTL.ZS,El Salvador,SLV,..,6.96,3.84,3.69,4.15,4.00,4.42,4.39,4.01,4.17,5.02,4.35
"Unemployment, total (% of total labor force) (modeled ILO estimate)",SL.UEM.TOTL.ZS,Equatorial Guinea,GNQ,..,8.00,8.19,8.08,8.10,8.20,8.23,8.26,8.20,8.28,9.30,9.15
"Unemployment, total (% of total labor force) (modeled ILO estimate)",SL.UEM.TOTL.ZS,Eritrea,ERI,..,5.62,5.69,5.63,5.68,5.80,5.81,5.81,5.70,5.70,7.28,6.80
"Unemployment, total (% of total labor force) (modeled ILO estimate)",SL.UEM.TOTL.ZS,Estonia,EST,..,13.36,10.02,8.63,7.35,6.41,6.88,5.81,5.41,4.51,6.96,6.18
"Unemployment, total (% of total labor force) (modeled ILO estimate)",SL.UEM.TOTL.ZS,Eswatini,SWZ,..,24.27,25.11,24.52,23.97,23.32,22.72,22.73,22.76,22.78,25.08,24.56
"Unemployment, total (% of total labor force) (modeled ILO estimate)",SL.UEM.TOTL.ZS,Ethiopia,ETH,..,3.51,2.29,2.25,2.41,2.57,2.73,2.90,3.06,3.22,4.13,3.93
"Unemployment, total (% of total labor force) (modeled ILO estimate)",SL.UEM.TOTL.ZS,Faroe Islands,FRO,..,..,..,..,..,..,..,..,..,..,..,..
"Unemployment, total (% of total labor force) (modeled ILO estimate)",SL.UEM.TOTL.ZS,Fiji,FJI,..,4.91,4.43,4.32,4.28,4.29,4.32,4.26,4.32,4.44,4.79,4.93
"Unemployment, total (% of total labor force) (modeled ILO estimate)",SL.UEM.TOTL.ZS,Finland,FIN,..,11.13,7.69,8.19,8.66,9.38,8.82,8.64,7.36,6.69,7.76,7.61
"Unemployment, total (% of total labor force) (modeled ILO estimate)",SL.UEM.TOTL.ZS,France,FRA,..,10.22,9.40,9.92,10.29,10.35,10.05,9.41,9.02,8.41,8.01,7.86
"Unemployment, total (% of total labor force) (modeled ILO estimate)",SL.UEM.TOTL.ZS,French Polynesia,PYF,..,11.68,12.18,12.12,12.14,12.09,12.09,11.98,12.08,12.14,13.67,13.27
"Unemployment, total (% of total labor force) (modeled ILO estimate)",SL.UEM.TOTL.ZS,Gabon,GAB,..,17.39,20.49,20.51,20.57,20.60,20.67,20.73,20.75,20.69,21.73,21.84
"Unemployment, total (% of total labor force) (modeled ILO estimate)",SL.UEM.TOTL.ZS,"Gambia, The",GMB,..,8.47,9.42,8.59,7.79,6.81,5.96,5.04,4.13,4.18,5.10,4.98
"Unemployment, total (% of total labor force) (modeled ILO estimate)",SL.UEM.TOTL.ZS,Georgia,GEO,..,10.82,19.65,19.42,17.44,16.51,16.60,13.94,12.67,11.57,11.73,12.21
"Unemployment, total (% of total labor force) (modeled ILO estimate)",SL.UEM.TOTL.ZS,Germany,DEU,..,7.92,5.38,5.23,4.98,4.62,4.12,3.75,3.38,3.14,3.86,3.57
"Unemployment, total (% of total labor force) (modeled ILO estimate)",SL.UEM.TOTL.ZS,Ghana,GHA,..,10.46,3.22,2.17,4.49,6.81,5.11,3.37,3.43,3.46,3.77,3.92
"Unemployment, total (% of total labor force) (modeled ILO estimate)",SL.UEM.TOTL.ZS,Gibraltar,GIB,..,..,..,..,..,..,..,..,..,..,..,..
"Unemployment, total (% of total labor force) (modeled ILO estimate)",SL.UEM.TOTL.ZS,Greece,GRC,..,11.24,24.44,27.47,26.49,24.90,23.54,21.49,19.29,17.31,16.31,14.71
"Unemployment, total (% of total labor force) (modeled ILO estimate)",SL.UEM.TOTL.ZS,Greenland,GRL,..,..,..,..,..,..,..,..,..,..,..,..
"Unemployment, total (% of total labor force) (modeled ILO estimate)",SL.UEM.TOTL.ZS,Grenada,GRD,..,..,..,..,..,..,..,..,..,..,..,..
"Unemployment, total (% of total labor force) (modeled ILO estimate)",SL.UEM.TOTL.ZS,Guam,GUM,..,15.32,12.20,11.50,7.60,6.90,5.40,5.43,5.55,5.48,6.58,6.25
"Unemployment, total (% of total labor force) (modeled ILO estimate)",SL.UEM.TOTL.ZS,Guatemala,GTM,..,2.75,2.76,3.02,2.72,2.51,2.58,2.46,2.28,2.19,3.36,2.94
"Unemployment, total (% of total labor force) (modeled ILO estimate)",SL.UEM.TOTL.ZS,Guinea,GIN,..,4.59,4.82,4.88,4.92,4.94,4.83,4.87,4.98,5.02,5.95,5.82
"Unemployment, total (% of total labor force) (modeled ILO estimate)",SL.UEM.TOTL.ZS,Guinea-Bissau,GNB,..,3.02,3.16,3.14,3.16,3.14,3.15,3.16,3.20,3.17,3.61,3.69
"Unemployment, total (% of total labor force) (modeled ILO estimate)",SL.UEM.TOTL.ZS,Guyana,GUY,..,11.89,12.33,12.64,12.95,13.25,13.48,13.76,14.02,13.52,15.59,14.90
"Unemployment, total (% of total labor force) (modeled ILO estimate)",SL.UEM.TOTL.ZS,Haiti,HTI,..,8.41,14.10,13.96,13.96,13.89,13.85,13.79,13.76,13.78,15.09,15.02
"Unemployment, total (% of total labor force) (modeled ILO estimate)",SL.UEM.TOTL.ZS,Honduras,HND,..,3.86,3.75,5.65,7.08,6.15,6.73,5.53,5.62,5.55,10.68,7.95
"Unemployment, total (% of total labor force) (modeled ILO estimate)",SL.UEM.TOTL.ZS,"Hong Kong SAR, China",HKG,..,4.92,3.29,3.40,3.30,3.31,3.39,3.12,2.81,2.92,5.81,5.17
"Unemployment, total (% of total labor force) (modeled ILO estimate)",SL.UEM.TOTL.ZS,Hungary,HUN,..,6.56,11.00,10.18,7.73,6.81,5.11,4.16,3.71,3.42,4.25,4.05
"Unemployment, total (% of total labor force) (modeled ILO estimate)",SL.UEM.TOTL.ZS,Iceland,ISL,..,1.94,6.00,5.38,4.90,3.98,2.98,2.74,2.70,3.51,5.48,6.02
"Unemployment, total (% of total labor force) (modeled ILO estimate)",SL.UEM.TOTL.ZS,India,IND,..,7.77,8.10,8.04,7.98,7.91,7.84,7.73,7.65,6.51,10.19,7.71
"Unemployment, total (% of total labor force) (modeled ILO estimate)",SL.UEM.TOTL.ZS,Indonesia,IDN,..,6.08,4.47,4.34,4.05,4.51,4.30,3.78,4.39,3.59,4.25,3.83
"Unemployment, total (% of total labor force) (modeled ILO estimate)",SL.UEM.TOTL.ZS,"Iran, Islamic Rep.",IRN,..,11.58,12.27,10.60,10.68,11.17,12.62,12.23,12.19,10.74,9.69,10.82
"Unemployment, total (% of total labor force) (modeled ILO estimate)",SL.UEM.TOTL.ZS,Iraq,IRQ,..,8.75,7.96,9.26,10.59,10.73,10.82,13.02,14.06,15.11,16.23,16.17
"Unemployment, total (% of total labor force) (modeled ILO estimate)",SL.UEM.TOTL.ZS,Ireland,IRL,..,4.32,15.45,13.73,11.86,9.91,8.37,6.71,5.74,4.95,5.62,6.19
"Unemployment, total (% of total labor force) (modeled ILO estimate)",SL.UEM.TOTL.ZS,Isle of Man,IMN,..,..,..,..,..,..,..,..,..,..,..,..
"Unemployment, total (% of total labor force) (modeled ILO estimate)",SL.UEM.TOTL.ZS,Israel,ISR,..,11.10,6.86,6.21,5.89,5.25,4.80,4.22,4.00,3.80,4.33,4.32
"Unemployment, total (% of total labor force) (modeled ILO estimate)",SL.UEM.TOTL.ZS,Italy,ITA,..,10.83,10.65,12.15,12.68,11.90,11.69,11.21,10.61,9.95,9.16,9.50
"Unemployment, total (% of total labor force) (modeled ILO estimate)",SL.UEM.TOTL.ZS,Jamaica,JAM,..,6.96,8.69,9.70,9.05,8.84,8.63,7.40,5.47,4.99,6.50,6.01
"Unemployment, total (% of total labor force) (modeled ILO estimate)",SL.UEM.TOTL.ZS,Japan,JPN,..,4.75,4.36,4.04,3.59,3.39,3.13,2.82,2.47,2.35,2.80,2.80
"Unemployment, total (% of total labor force) (modeled ILO estimate)",SL.UEM.TOTL.ZS,Jordan,JOR,..,13.70,12.20,12.60,11.90,13.08,15.28,18.12,18.26,16.80,19.21,18.44
"Unemployment, total (% of total labor force) (modeled ILO estimate)",SL.UEM.TOTL.ZS,Kazakhstan,KAZ,..,12.75,5.29,5.20,5.06,4.93,4.96,4.90,4.85,4.80,4.89,5.16
"Unemployment, total (% of total labor force) (modeled ILO estimate)",SL.UEM.TOTL.ZS,Kenya,KEN,..,3.13,2.84,2.83,2.80,2.77,2.76,3.52,4.24,5.01,5.62,5.64
"Unemployment, total (% of total labor force) (modeled ILO estimate)",SL.UEM.TOTL.ZS,Kiribati,KIR,..,..,..,..,..,..,..,..,..,..,..,..
"Unemployment, total (% of total labor force) (modeled ILO estimate)",SL.UEM.TOTL.ZS,"Korea, Dem. People's Rep.",PRK,..,3.01,2.92,2.92,2.87,2.90,2.92,2.86,2.81,2.78,3.06,3.21
"Unemployment, total (% of total labor force) (modeled ILO estimate)",SL.UEM.TOTL.ZS,"Korea, Rep.",KOR,..,4.06,2.81,2.75,3.08,3.55,3.65,3.65,3.82,3.75,3.93,3.64
"Unemployment, total (% of total labor force) (modeled ILO estimate)",SL.UEM.TOTL.ZS,Kosovo,XKX,..,..,..,..,..,..,..,..,..,..,..,..
"Unemployment, total (% of total labor force) (modeled ILO estimate)",SL.UEM.TOTL.ZS,Kuwait,KWT,..,0.80,2.32,2.62,2.90,2.20,2.16,2.20,2.16,2.16,3.33,2.82
"Unemployment, total (% of total labor force) (modeled ILO estimate)",SL.UEM.TOTL.ZS,Kyrgyz Republic,KGZ,..,1.98,3.03,3.30,3.28,3.38,3.48,3.59,3.67,4.25,4.63,4.77
"Unemployment, total (% of total labor force) (modeled ILO estimate)",SL.UEM.TOTL.ZS,Lao PDR,LAO,..,2.04,1.42,1.77,2.15,2.52,2.90,3.27,3.27,3.27,3.58,3.64
"Unemployment, total (% of total labor force) (modeled ILO estimate)",SL.UEM.TOTL.ZS,Latvia,LVA,..,14.21,15.05,11.87,10.85,9.87,9.64,8.72,7.41,6.31,8.10,7.51
"Unemployment, total (% of total labor force) (modeled ILO estimate)",SL.UEM.TOTL.ZS,Lebanon,LBN,..,8.32,7.83,8.28,8.77,9.26,9.72,10.21,10.73,11.30,12.97,12.50
"Unemployment, total (% of total labor force) (modeled ILO estimate)",SL.UEM.TOTL.ZS,Lesotho,LSO,..,17.00,16.81,16.92,16.90,16.85,16.83,16.99,16.92,16.88,18.46,18.29
"Unemployment, total (% of total labor force) (modeled ILO estimate)",SL.UEM.TOTL.ZS,Liberia,LBR,..,2.12,2.16,2.11,2.08,2.58,3.08,3.04,3.03,3.02,3.84,3.67
"Unemployment, total (% of total labor force) (modeled ILO estimate)",SL.UEM.TOTL.ZS,Libya,LBY,..,19.81,19.03,19.46,19.61,19.52,19.52,19.29,19.45,19.61,20.34,20.61
"Unemployment, total (% of total labor force) (modeled ILO estimate)",SL.UEM.TOTL.ZS,Liechtenstein,LIE,..,..,..,..,..,..,..,..,..,..,..,..
"Unemployment, total (% of total labor force) (modeled ILO estimate)",SL.UEM.TOTL.ZS,Lithuania,LTU,..,15.93,13.36,11.77,10.70,9.12,7.86,7.07,6.15,6.26,8.49,7.11
"Unemployment, total (% of total labor force) (modeled ILO estimate)",SL.UEM.TOTL.ZS,Luxembourg,LUX,..,2.35,5.14,5.85,5.85,6.67,6.29,5.52,5.59,5.59,6.77,5.25
"Unemployment, total (% of total labor force) (modeled ILO estimate)",SL.UEM.TOTL.ZS,"Macao SAR, China",MAC,..,6.87,1.97,1.82,1.67,1.81,1.94,1.99,1.83,1.75,2.57,2.25
"Unemployment, total (% of total labor force) (modeled ILO estimate)",SL.UEM.TOTL.ZS,Madagascar,MDG,..,5.80,0.60,1.00,1.39,1.79,1.80,1.82,1.83,1.84,2.36,2.31
"Unemployment, total (% of total labor force) (modeled ILO estimate)",SL.UEM.TOTL.ZS,Malawi,MWI,..,4.92,5.00,4.98,4.97,4.99,4.98,4.96,4.95,4.93,5.68,5.66
"Unemployment, total (% of total labor force) (modeled ILO estimate)",SL.UEM.TOTL.ZS,Malaysia,MYS,..,3.00,3.10,3.16,2.88,3.10,3.44,3.41,3.30,3.26,4.54,4.05
"Unemployment, total (% of total labor force) (modeled ILO estimate)",SL.UEM.TOTL.ZS,Maldives,MDV,..,1.97,9.22,8.39,7.52,6.62,5.77,5.37,4.97,4.56,5.34,5.26
"Unemployment, total (% of total labor force) (modeled ILO estimate)",SL.UEM.TOTL.ZS,Mali,MLI,..,1.31,1.38,1.37,1.35,1.36,1.37,1.49,1.62,1.62,3.53,2.60
"Unemployment, total (% of total labor force) (modeled ILO estimate)",SL.UEM.TOTL.ZS,Malta,MLT,..,6.32,6.20,6.11,5.73,5.38,4.69,4.00,3.66,3.62,4.35,3.53
"Unemployment, total (% of total labor force) (modeled ILO estimate)",SL.UEM.TOTL.ZS,Marshall Islands,MHL,..,..,..,..,..,..,..,..,..,..,..,..
"Unemployment, total (% of total labor force) (modeled ILO estimate)",SL.UEM.TOTL.ZS,Mauritania,MRT,..,10.05,9.86,9.97,10.07,10.15,10.31,10.34,10.39,10.40,11.14,11.29
"Unemployment, total (% of total labor force) (modeled ILO estimate)",SL.UEM.TOTL.ZS,Mauritius,MUS,..,9.14,7.47,7.32,7.47,7.41,6.81,6.75,6.43,6.33,8.63,7.66
"Unemployment, total (% of total labor force) (modeled ILO estimate)",SL.UEM.TOTL.ZS,Mexico,MEX,..,2.65,4.89,4.91,4.81,4.31,3.86,3.42,3.27,3.48,4.45,4.09
"Unemployment, total (% of total labor force) (modeled ILO estimate)",SL.UEM.TOTL.ZS,"Micronesia, Fed. Sts.",FSM,..,..,..,..,..,..,..,..,..,..,..,..
"Unemployment, total (% of total labor force) (modeled ILO estimate)",SL.UEM.TOTL.ZS,Moldova,MDA,..,8.46,5.58,5.10,3.73,4.70,4.02,3.89,2.91,5.10,3.82,3.23
"Unemployment, total (% of total labor force) (modeled ILO estimate)",SL.UEM.TOTL.ZS,Monaco,MCO,..,..,..,..,..,..,..,..,..,..,..,..
"Unemployment, total (% of total labor force) (modeled ILO estimate)",SL.UEM.TOTL.ZS,Mongolia,MNG,..,6.09,3.90,4.23,4.80,4.86,7.24,6.36,5.38,5.44,6.59,7.75
"Unemployment, total (% of total labor force) (modeled ILO estimate)",SL.UEM.TOTL.ZS,Montenegro,MNE,..,28.80,19.81,19.59,18.05,17.55,17.73,16.08,15.19,15.13,17.88,16.87
"Unemployment, total (% of total labor force) (modeled ILO estimate)",SL.UEM.TOTL.ZS,Morocco,MAR,..,13.58,8.99,9.23,9.70,9.46,9.30,9.23,9.24,9.24,11.11,10.54
"Unemployment, total (% of total labor force) (modeled ILO estimate)",SL.UEM.TOTL.ZS,Mozambique,MOZ,..,2.89,3.30,3.35,3.38,3.43,3.45,3.45,3.45,3.46,3.78,3.94
"Unemployment, total (% of total labor force) (modeled ILO estimate)",SL.UEM.TOTL.ZS,Myanmar,MMR,..,0.65,0.73,0.72,0.72,0.77,0.99,1.36,0.77,0.41,1.48,..
"Unemployment, total (% of total labor force) (modeled ILO estimate)",SL.UEM.TOTL.ZS,Namibia,NAM,..,20.30,16.77,19.03,18.52,20.90,23.35,21.66,19.88,20.00,21.24,21.27
"Unemployment, total (% of total labor force) (modeled ILO estimate)",SL.UEM.TOTL.ZS,Nauru,NRU,..,..,..,..,..,..,..,..,..,..,..,..
"Unemployment, total (% of total labor force) (modeled ILO estimate)",SL.UEM.TOTL.ZS,Nepal,NPL,..,10.60,10.53,10.50,10.58,10.51,10.40,10.66,10.62,10.60,13.08,12.22
"Unemployment, total (% of total labor force) (modeled ILO estimate)",SL.UEM.TOTL.ZS,Netherlands,NLD,..,2.73,5.82,7.24,7.42,6.87,6.01,4.84,3.83,3.38,3.82,4.21
"Unemployment, total (% of total labor force) (modeled ILO estimate)",SL.UEM.TOTL.ZS,New Caledonia,NCL,..,17.48,14.36,14.47,14.59,13.89,13.18,12.27,11.60,10.88,13.56,12.44
"Unemployment, total (% of total labor force) (modeled ILO estimate)",SL.UEM.TOTL.ZS,New Zealand,NZL,..,6.13,6.93,5.84,5.43,5.41,5.15,4.74,4.33,4.11,4.60,3.78
"Unemployment, total (% of total labor force) (modeled ILO estimate)",SL.UEM.TOTL.ZS,Nicaragua,NIC,..,7.39,5.21,5.28,4.52,4.70,3.90,3.30,5.20,5.20,5.94,5.93
"Unemployment, total (% of total labor force) (modeled ILO estimate)",SL.UEM.TOTL.ZS,Niger,NER,..,1.52,2.18,1.38,0.52,0.53,0.53,0.54,0.54,0.55,0.68,0.67
"Unemployment, total (% of total labor force) (modeled ILO estimate)",SL.UEM.TOTL.ZS,Nigeria,NGA,..,3.85,3.75,3.70,3.94,4.22,4.51,4.73,4.96,5.21,6.00,5.94
"Unemployment, total (% of total labor force) (modeled ILO estimate)",SL.UEM.TOTL.ZS,North Macedonia,MKD,..,32.20,31.20,29.14,28.38,26.43,24.30,22.81,21.20,17.39,16.55,15.78
"Unemployment, total (% of total labor force) (modeled ILO estimate)",SL.UEM.TOTL.ZS,Northern Mariana Islands,MNP,..,..,..,..,..,..,..,..,..,..,..,..
"Unemployment, total (% of total labor force) (modeled ILO estimate)",SL.UEM.TOTL.ZS,Norway,NOR,..,3.46,3.12,3.42,3.48,4.30,4.68,4.16,3.80,3.69,4.42,4.37
"Unemployment, total (% of total labor force) (modeled ILO estimate)",SL.UEM.TOTL.ZS,Oman,OMN,..,4.07,3.66,3.60,3.55,3.38,3.27,2.57,1.80,1.85,2.94,2.51
"Unemployment, total (% of total labor force) (modeled ILO estimate)",SL.UEM.TOTL.ZS,Pakistan,PAK,..,0.61,1.86,2.95,1.83,3.57,3.76,3.91,4.08,4.83,6.55,6.34
"Unemployment, total (% of total labor force) (modeled ILO estimate)",SL.UEM.TOTL.ZS,Palau,PLW,..,..,..,..,..,..,..,..,..,..,..,..
"Unemployment, total (% of total labor force) (modeled ILO estimate)",SL.UEM.TOTL.ZS,Panama,PAN,..,6.05,3.72,3.70,4.42,4.37,4.76,5.39,5.22,6.33,14.11,10.30
"Unemployment, total (% of total labor force) (modeled ILO estimate)",SL.UEM.TOTL.ZS,Papua New Guinea,PNG,..,2.92,2.53,2.53,2.34,2.45,2.45,2.48,2.54,2.43,2.69,2.83
"Unemployment, total (% of total labor force) (modeled ILO estimate)",SL.UEM.TOTL.ZS,Paraguay,PRY,..,7.61,4.09,4.38,5.03,4.56,5.25,4.61,6.22,6.59,7.55,7.31
"Unemployment, total (% of total labor force) (modeled ILO estimate)",SL.UEM.TOTL.ZS,Peru,PER,..,4.90,3.24,3.57,3.21,3.27,3.74,3.69,3.49,3.38,7.18,5.10
"Unemployment, total (% of total labor force) (modeled ILO estimate)",SL.UEM.TOTL.ZS,Philippines,PHL,..,3.65,3.50,3.50,3.60,3.07,2.70,2.55,2.34,2.24,2.52,2.63
"Unemployment, total (% of total labor force) (modeled ILO estimate)",SL.UEM.TOTL.ZS,Poland,POL,..,16.31,10.09,10.33,8.99,7.50,6.16,4.89,3.85,3.28,3.16,3.36
"Unemployment, total (% of total labor force) (modeled ILO estimate)",SL.UEM.TOTL.ZS,Portugal,PRT,..,3.81,15.53,16.19,13.90,12.45,11.07,8.87,6.99,6.46,6.80,6.58
"Unemployment, total (% of total labor force) (modeled ILO estimate)",SL.UEM.TOTL.ZS,Puerto Rico,PRI,..,10.08,14.50,14.30,13.90,12.00,11.80,10.80,9.20,8.30,8.89,7.90
"Unemployment, total (% of total labor force) (modeled ILO estimate)",SL.UEM.TOTL.ZS,Qatar,QAT,..,0.84,0.48,0.28,0.20,0.17,0.15,0.14,0.11,0.10,0.14,0.17
"Unemployment, total (% of total labor force) (modeled ILO estimate)",SL.UEM.TOTL.ZS,Romania,ROU,..,6.97,6.79,7.10,6.80,6.81,5.90,4.93,4.19,3.91,5.03,5.59
"Unemployment, total (% of total labor force) (modeled ILO estimate)",SL.UEM.TOTL.ZS,Russian Federation,RUS,..,10.58,5.44,5.46,5.16,5.57,5.56,5.21,4.85,4.50,5.59,4.72
"Unemployment, total (% of total labor force) (modeled ILO estimate)",SL.UEM.TOTL.ZS,Rwanda,RWA,..,11.94,11.86,11.91,11.88,11.83,11.86,11.88,12.10,12.43,13.01,13.31
"Unemployment, total (% of total labor force) (modeled ILO estimate)",SL.UEM.TOTL.ZS,Samoa,WSM,..,4.66,8.75,8.66,8.72,8.76,8.82,9.40,9.47,9.15,9.79,9.91
"Unemployment, total (% of total labor force) (modeled ILO estimate)",SL.UEM.TOTL.ZS,San Marino,SMR,..,..,..,..,..,..,..,..,..,..,..,..
"Unemployment, total (% of total labor force) (modeled ILO estimate)",SL.UEM.TOTL.ZS,Sao Tome and Principe,STP,..,14.40,13.59,13.62,13.64,13.78,13.84,13.91,14.00,14.08,15.44,15.34
"Unemployment, total (% of total labor force) (modeled ILO estimate)",SL.UEM.TOTL.ZS,Saudi Arabia,SAU,..,4.57,5.52,5.60,5.72,5.60,5.60,5.89,6.03,5.64,7.45,6.69
"Unemployment, total (% of total labor force) (modeled ILO estimate)",SL.UEM.TOTL.ZS,Senegal,SEN,..,5.58,9.41,8.59,7.63,6.76,4.46,4.08,3.57,2.86,3.51,3.50
"Unemployment, total (% of total labor force) (modeled ILO estimate)",SL.UEM.TOTL.ZS,Serbia,SRB,..,12.60,24.00,22.15,19.22,17.66,15.26,13.48,12.73,10.39,9.01,10.06
"Unemployment, total (% of total labor force) (modeled ILO estimate)",SL.UEM.TOTL.ZS,Seychelles,SYC,..,..,..,..,..,..,..,..,..,..,..,..
"Unemployment, total (% of total labor force) (modeled ILO estimate)",SL.UEM.TOTL.ZS,Sierra Leone,SLE,..,3.42,4.38,4.47,4.68,4.44,3.93,3.56,3.19,3.19,3.57,3.70
"Unemployment, total (% of total labor force) (modeled ILO estimate)",SL.UEM.TOTL.ZS,Singapore,SGP,..,3.70,3.72,3.86,3.74,3.79,4.08,4.20,3.64,3.10,4.10,3.54
"Unemployment, total (% of total labor force) (modeled ILO estimate)",SL.UEM.TOTL.ZS,Sint Maarten (Dutch part),SXM,..,..,..,..,..,..,..,..,..,..,..,..
"Unemployment, total (% of total labor force) (modeled ILO estimate)",SL.UEM.TOTL.ZS,Slovak Republic,SVK,..,19.06,13.96,14.22,13.18,11.48,9.67,8.13,6.54,5.75,6.69,6.83
"Unemployment, total (% of total labor force) (modeled ILO estimate)",SL.UEM.TOTL.ZS,Slovenia,SVN,..,6.92,8.84,10.10,9.67,8.96,8.00,6.56,5.11,4.45,4.97,4.74
"Unemployment, total (% of total labor force) (modeled ILO estimate)",SL.UEM.TOTL.ZS,Solomon Islands,SLB,..,2.11,1.05,0.69,0.73,0.73,0.69,0.70,0.71,0.74,0.89,0.99
"Unemployment, total (% of total labor force) (modeled ILO estimate)",SL.UEM.TOTL.ZS,Somalia,SOM,..,19.40,19.16,19.07,19.01,18.88,18.93,18.98,18.87,18.83,19.57,19.93
"Unemployment, total (% of total labor force) (modeled ILO estimate)",SL.UEM.TOTL.ZS,South Africa,ZAF,..,20.27,21.79,22.04,22.61,22.87,24.02,23.99,24.22,25.54,24.34,28.77
"Unemployment, total (% of total labor force) (modeled ILO estimate)",SL.UEM.TOTL.ZS,South Sudan,SSD,..,12.13,12.34,12.04,12.14,12.29,12.33,12.26,12.23,12.20,13.74,13.48
"Unemployment, total (% of total labor force) (modeled ILO estimate)",SL.UEM.TOTL.ZS,Spain,ESP,..,13.79,24.79,26.09,24.44,22.06,19.64,17.22,15.25,14.10,15.53,14.78
"Unemployment, total (% of total labor force) (modeled ILO estimate)",SL.UEM.TOTL.ZS,Sri Lanka,LKA,..,7.74,3.88,4.24,4.19,4.52,4.24,4.05,4.32,4.67,5.20,5.24
"Unemployment, total (% of total labor force) (modeled ILO estimate)",SL.UEM.TOTL.ZS,St. Kitts and Nevis,KNA,..,..,..,..,..,..,..,..,..,..,..,..
"Unemployment, total (% of total labor force) (modeled ILO estimate)",SL.UEM.TOTL.ZS,St. Lucia,LCA,..,16.49,19.06,22.21,21.30,20.56,19.66,18.86,19.08,15.32,20.39,19.52
"Unemployment, total (% of total labor force) (modeled ILO estimate)",SL.UEM.TOTL.ZS,St. Martin (French part),MAF,..,..,..,..,..,..,..,..,..,..,..,..
"Unemployment, total (% of total labor force) (modeled ILO estimate)",SL.UEM.TOTL.ZS,St. Vincent and the Grenadines,VCT,..,20.96,18.89,18.91,18.95,18.97,18.98,19.03,19.02,19.09,20.55,20.40
"Unemployment, total (% of total labor force) (modeled ILO estimate)",SL.UEM.TOTL.ZS,Sudan,SDN,..,15.28,17.67,17.41,17.39,17.44,17.44,17.50,17.57,17.59,19.29,19.05
"Unemployment, total (% of total labor force) (modeled ILO estimate)",SL.UEM.TOTL.ZS,Suriname,SUR,..,12.74,8.10,6.60,6.94,7.22,7.92,7.91,7.93,8.03,9.52,9.08
"Unemployment, total (% of total labor force) (modeled ILO estimate)",SL.UEM.TOTL.ZS,Sweden,SWE,..,5.47,7.98,8.05,7.95,7.43,6.99,6.72,6.36,6.83,8.29,8.72
"Unemployment, total (% of total labor force) (modeled ILO estimate)",SL.UEM.TOTL.ZS,Switzerland,CHE,..,2.66,4.49,4.75,4.83,4.80,4.92,4.80,4.71,4.39,4.82,5.10
"Unemployment, total (% of total labor force) (modeled ILO estimate)",SL.UEM.TOTL.ZS,Syrian Arab Republic,SYR,..,9.60,8.86,8.86,8.74,8.72,8.77,8.75,8.75,8.74,10.01,9.82
"Unemployment, total (% of total labor force) (modeled ILO estimate)",SL.UEM.TOTL.ZS,Tajikistan,TJK,..,15.13,9.57,8.90,8.23,7.55,6.90,6.95,7.00,7.04,7.49,7.74
"Unemployment, total (% of total labor force) (modeled ILO estimate)",SL.UEM.TOTL.ZS,Tanzania,TZA,..,3.07,3.26,2.93,2.12,2.14,2.15,2.17,2.20,2.21,2.78,2.74
"Unemployment, total (% of total labor force) (modeled ILO estimate)",SL.UEM.TOTL.ZS,Thailand,THA,..,2.39,0.58,0.25,0.58,0.60,0.69,0.83,0.77,0.72,1.10,0.99
"Unemployment, total (% of total labor force) (modeled ILO estimate)",SL.UEM.TOTL.ZS,Timor-Leste,TLS,..,3.45,3.78,4.01,4.21,4.45,4.66,4.75,4.72,4.45,4.80,4.97
"Unemployment, total (% of total labor force) (modeled ILO estimate)",SL.UEM.TOTL.ZS,Togo,TGO,..,4.06,2.03,2.09,2.14,2.20,2.96,3.74,3.72,3.71,4.03,4.18
"Unemployment, total (% of total labor force) (modeled ILO estimate)",SL.UEM.TOTL.ZS,Tonga,TON,..,4.10,1.66,1.77,1.83,1.94,1.90,2.07,2.25,2.24,2.65,2.67
"Unemployment, total (% of total labor force) (modeled ILO estimate)",SL.UEM.TOTL.ZS,Trinidad and Tobago,TTO,..,12.10,3.72,2.68,2.48,2.43,3.21,3.31,3.40,3.52,4.21,4.45
"Unemployment, total (% of total labor force) (modeled ILO estimate)",SL.UEM.TOTL.ZS,Tunisia,TUN,..,14.94,17.63,15.93,14.26,15.16,15.56,15.33,15.46,15.13,16.37,16.26
"Unemployment, total (% of total labor force) (modeled ILO estimate)",SL.UEM.TOTL.ZS,Turkiye,TUR,..,6.50,8.15,8.73,9.88,10.24,10.84,10.82,10.89,13.67,13.11,11.98
"Unemployment, total (% of total labor force) (modeled ILO estimate)",SL.UEM.TOTL.ZS,Turkmenistan,TKM,..,11.51,4.08,4.10,4.13,4.11,4.14,4.17,4.20,4.23,4.80,4.79
"Unemployment, total (% of total labor force) (modeled ILO estimate)",SL.UEM.TOTL.ZS,Turks and Caicos Islands,TCA,..,..,..,..,..,..,..,..,..,..,..,..
"Unemployment, total (% of total labor force) (modeled ILO estimate)",SL.UEM.TOTL.ZS,Tuvalu,TUV,..,..,..,..,..,..,..,..,..,..,..,..
"Unemployment, total (% of total labor force) (modeled ILO estimate)",SL.UEM.TOTL.ZS,Uganda,UGA,..,3.55,3.55,1.91,2.32,2.75,3.18,3.64,3.57,3.55,4.51,4.30
"Unemployment, total (% of total labor force) (modeled ILO estimate)",SL.UEM.TOTL.ZS,Ukraine,UKR,..,11.71,7.53,7.17,9.27,9.14,9.35,9.50,8.80,8.19,9.48,9.83
"Unemployment, total (% of total labor force) (modeled ILO estimate)",SL.UEM.TOTL.ZS,United Arab Emirates,ARE,..,2.25,2.17,2.03,1.90,1.76,1.64,2.46,2.24,2.33,4.29,3.11
"Unemployment, total (% of total labor force) (modeled ILO estimate)",SL.UEM.TOTL.ZS,United Kingdom,GBR,..,5.56,7.88,7.52,6.11,5.30,4.81,4.33,4.00,3.74,4.47,4.83
"Unemployment, total (% of total labor force) (modeled ILO estimate)",SL.UEM.TOTL.ZS,United States,USA,..,3.99,8.07,7.37,6.17,5.28,4.87,4.36,3.90,3.67,8.05,5.35
"Unemployment, total (% of total labor force) (modeled ILO estimate)",SL.UEM.TOTL.ZS,Uruguay,URY,..,12.63,6.45,6.44,6.55,7.49,7.84,7.89,8.34,8.73,10.33,9.29
"Unemployment, total (% of total labor force) (modeled ILO estimate)",SL.UEM.TOTL.ZS,Uzbekistan,UZB,..,12.21,4.87,4.86,5.09,5.15,5.16,5.83,5.86,5.86,5.29,6.02
"Unemployment, total (% of total labor force) (modeled ILO estimate)",SL.UEM.TOTL.ZS,Vanuatu,VUT,..,1.71,1.85,1.86,1.79,1.86,1.75,1.71,1.78,1.76,2.02,2.12
"Unemployment, total (% of total labor force) (modeled ILO estimate)",SL.UEM.TOTL.ZS,"Venezuela, RB",VEN,..,13.99,6.60,7.54,6.86,6.08,5.32,5.05,5.02,5.09,7.53,6.47
"Unemployment, total (% of total labor force) (modeled ILO estimate)",SL.UEM.TOTL.ZS,Vietnam,VNM,..,2.26,1.03,1.32,1.26,1.85,1.85,1.87,1.16,1.68,2.10,2.38
"Unemployment, total (% of total labor force) (modeled ILO estimate)",SL.UEM.TOTL.ZS,Virgin Islands (U.S.),VIR,..,10.50,11.91,12.40,12.48,12.26,12.35,12.05,12.24,12.35,13.26,13.17
"Unemployment, total (% of total labor force) (modeled ILO estimate)",SL.UEM.TOTL.ZS,West Bank and Gaza,PSE,..,10.63,19.20,19.89,20.53,23.00,23.94,25.68,26.26,25.34,25.89,26.39
"Unemployment, total (% of total labor force) (modeled ILO estimate)",SL.UEM.TOTL.ZS,"Yemen, Rep.",YEM,..,11.56,13.16,13.26,13.47,13.78,13.41,13.25,13.08,12.98,13.57,13.89
"Unemployment, total (% of total labor force) (modeled ILO estimate)",SL.UEM.TOTL.ZS,Zambia,ZMB,..,12.93,7.85,8.01,8.13,8.28,8.39,8.52,5.03,5.54,6.03,6.22
"Unemployment, total (% of total labor force) (modeled ILO estimate)",SL.UEM.TOTL.ZS,Zimbabwe,ZWE,..,5.69,5.14,4.99,4.77,5.28,5.80,6.28,6.78,7.37,7.90,8.07
